{
    "format_version": "1.21.60",
    "minecraft:recipe_shaped": {
        "description": {
            "identifier": "minecraft:lodestone"
        },
        "tags": [
            "crafting_table"
        ],
        "pattern": [
            "SSS",
            "S#S",
            "SSS"
        ],
        "key": {
            "S": {
                "item": "minecraft:chiseled_stone_bricks"
            },
            "#": {
                "item": "minecraft:iron_ingot"
            }
        },
        "unlock": [
          {
            "item": "minecraft:iron_ingot"
          }
        ],
        "result": {
            "item": "minecraft:lodestone",
            "count": 1
        }
    }
}